metacell	gene	cell_type	color
1	Spis_XP_022787371_1	cnidocyte	plum3
1	Spis_XP_022799416_1	cnidocyte	plum3
1	Spis18343_1	cnidocyte	plum3
1	Spis_XP_022797422_1	cnidocyte	plum3
1	Spis_XP_022796493_1	cnidocyte	plum3
1	Spis_XP_022789499_1	cnidocyte	plum3
1	Spis_XP_022806650_1	cnidocyte	plum3
1	Spis_XP_022787040_1	cnidocyte	plum3
1	Spis_XP_022786325_1	cnidocyte	plum3
1	Spis_XP_022779932_1	cnidocyte	plum3
3	Spis_XP_022786917_1	gastrodermis	chartreuse4
3	Spis_XP_022785263_1	gastrodermis	chartreuse4
3	Spis_XP_022793420_1	gastrodermis	chartreuse4
3	Spis_XP_022809885_1	gastrodermis	chartreuse4
3	Spis_XP_022806376_1	gastrodermis	chartreuse4
4	Spis_XP_022781398_1	gastrodermis	chartreuse4
5	Spis_XP_022795065_1	gastrodermis	chartreuse4
5	Spis_XP_022786664_1	gastrodermis	chartreuse4
5	Spis_XP_022784015_1	gastrodermis	chartreuse4
5	Spis_XP_022786676_1	gastrodermis	chartreuse4
5	Spis_XP_022784036_1	gastrodermis	chartreuse4
6	Spis_XP_022779255_1	gastrodermis	chartreuse4
6	Spis_XP_022799213_1	gastrodermis	chartreuse4
6	Spis_XP_022783839_1	gastrodermis	chartreuse4
6	Spis_XP_022779256_1	gastrodermis	chartreuse4
6	Spis_XP_022793353_1	gastrodermis	chartreuse4
7	Spis_XP_022794351_1	gastrodermis	chartreuse4
7	Spis_XP_022802206_1	gastrodermis	chartreuse4
7	Spis_XP_022781017_1	gastrodermis	chartreuse4
8	Spis_XP_022806051_1	gastrodermis	chartreuse4
9	Spis_XP_022788977_1	gastrodermis	chartreuse4
9	Spis_XP_022779176_1	gastrodermis	chartreuse4
9	Spis_XP_022804308_1	gastrodermis	chartreuse4
9	Spis_XP_022780951_1	gastrodermis	chartreuse4
11	Spis_XP_022807516_1	gastrodermis	chartreuse4
11	Spis_XP_022790132_1	gastrodermis	chartreuse4
11	Spis_XP_022788851_1	gastrodermis	chartreuse4
12	Spis_XP_022802432_1	epidermis_1	turquoise3
13	Spis_XP_022809005_1	epidermis_1	turquoise3
13	Spis_XP_022778950_1	epidermis_1	turquoise3
14	Spis_XP_022790615_1	epidermis_1	turquoise3
15	Spis_XP_022781019_1	epidermis_1	turquoise3
16	Spis_XP_022806535_1	epidermis_1	turquoise3
16	Spis_XP_022787864_1	epidermis_1	turquoise3
17	Spis_XP_022798424_1	epidermis_1	turquoise3
17	Spis_XP_022786186_1	epidermis_1	turquoise3
17	Spis_XP_022781462_1	epidermis_1	turquoise3
18	Spis_XP_022797242_1	epidermis_1	turquoise3
20	Spis_XP_022785063_1	epidermis_1	turquoise3
20	Spis_XP_022778928_1	epidermis_1	turquoise3
20	Spis_LOC111334563	epidermis_1	turquoise3
21	Spis_XP_022803774_1	epidermis_1	turquoise3
21	Spis_XP_022796010_1	epidermis_1	turquoise3
22	Spis_XP_022788591_1	epidermis_1	turquoise3
23	Spis_XP_022803859_1	epidermis_1	turquoise3
23	Spis7630_1	epidermis_1	turquoise3
23	Spis_XP_022799207_1	epidermis_1	turquoise3
24	Spis_XP_022794543_1	epidermis_1	turquoise3
25	Spis_XP_022804995_1	epidermis_1	turquoise3
25	Spis_XP_022800575_1	epidermis_1	turquoise3
26	Spis_XP_022785362_1	calicoblast	purple3
26	Spis_XP_022784982_1	calicoblast	purple3
27	Spis_XP_022809001_1	calicoblast	purple3
27	Spis_XP_022807443_1	calicoblast	purple3
27	Spis_XP_022801446_1	calicoblast	purple3
27	Spis_XP_022791446_1	calicoblast	purple3
28	Spis_XP_022798671_1	calicoblast	purple3
28	Spis_XP_022781343_1	calicoblast	purple3
28	Spis_XP_022780690_1	calicoblast	purple3
29	Spis_LOC111340427	calicoblast	purple3
29	Spis_XP_022777447_1	calicoblast	purple3
30	Spis_XP_022793831_1	calicoblast	purple3
30	Spis_XP_022799914_1	calicoblast	purple3
30	Spis_XP_022781915_1	calicoblast	purple3
30	Spis_XP_022803870_1	calicoblast	purple3
30	Spis_XP_022801358_1	calicoblast	purple3
31	Spis_XP_022783430_1	calicoblast	purple3
31	Spis_XP_022789780_1	calicoblast	purple3
33	Spis_XP_022799082_1	calicoblast	purple3
34	Spis_XP_022806326_1	calicoblast	purple3
34	Spis_XP_022783415_1	calicoblast	purple3
34	Spis_XP_022779130_1	calicoblast	purple3
34	Spis_XP_022798948_1	calicoblast	purple3
34	Spis_XP_022801462_1	calicoblast	purple3
34	Spis_XP_022790445_1	calicoblast	purple3
35	Spis_XP_022782036_1	calicoblast	purple3
35	Spis_XP_022781839_1	calicoblast	purple3
35	Spis_XP_022798683_1	calicoblast	purple3
35	Spis_XP_022799839_1	calicoblast	purple3
35	Spis_XP_022801246_1	calicoblast	purple3
37	Spis_XP_022790329_1	calicoblast	purple3
39	Spis_XP_022793852_1	neuron_1	dodgerblue4
39	Spis_XP_022794301_1	neuron_1	dodgerblue4
39	Spis_XP_022782002_1	neuron_1	dodgerblue4
39	Spis_XP_022780302_1	neuron_1	dodgerblue4
39	Spis_XP_022792017_1	neuron_1	dodgerblue4
39	Spis_XP_022783113_1	neuron_1	dodgerblue4
39	Spis_XP_022792585_1	neuron_1	dodgerblue4
39	Spis_XP_022794326_1	neuron_1	dodgerblue4
40	Spis_LOC111330497	neuron_2	steelblue4
40	Spis_XP_022790424_1	neuron_2	steelblue4
40	Spis_XP_022800545_1	neuron_2	steelblue4
40	Spis_LOC111330502	neuron_2	steelblue4
40	Spis_LOC111325409	neuron_2	steelblue4
40	Spis_XP_022790669_1	neuron_2	steelblue4
40	Spis_XP_022799249_1	neuron_2	steelblue4
40	Spis_XP_022794506_1	neuron_2	steelblue4
40	Spis_XP_022781206_1	neuron_2	steelblue4
41	Spis_XP_022780014_1	gland_1	darkorange4
41	Spis_XP_022787051_1	gland_1	darkorange4
41	Spis_XP_022803082_1	gland_1	darkorange4
41	Spis_XP_022803084_1	gland_1	darkorange4
41	Spis_XP_022803073_1	gland_1	darkorange4
41	Spis_XP_022783305_1	gland_1	darkorange4
41	Spis14850_1	gland_1	darkorange4
41	Spis_XP_022797042_1	gland_1	darkorange4
41	Spis_XP_022788482_1	gland_1	darkorange4
42	Spis_XP_022798324_1	gland_2	darkorange
42	Spis_LOC111332860	gland_2	darkorange
42	Spis_LOC111331252	gland_2	darkorange
42	Spis_XP_022799335_1	gland_2	darkorange
42	Spis_XP_022799329_1	gland_2	darkorange
42	Spis_XP_022798325_1	gland_2	darkorange
42	Spis_XP_022807103_1	gland_2	darkorange
42	Spis_XP_022799145_1	gland_2	darkorange
42	Spis_XP_022803824_1	gland_2	darkorange
43	Spis_XP_022788291_1	gland_2	darkorange
43	Spis_XP_022791880_1	gland_2	darkorange
43	Spis_XP_022783192_1	gland_2	darkorange
43	Spis_XP_022781244_1	gland_2	darkorange
43	Spis_XP_022790776_1	gland_2	darkorange
43	Spis_XP_022800233_1	gland_2	darkorange
43	Spis_XP_022799114_1	gland_2	darkorange
43	Spis_XP_022799305_1	gland_2	darkorange
43	Spis_LOC111322926	gland_2	darkorange
43	Spis_XP_022801217_1	gland_2	darkorange
44	Spis_XP_022781228_1	unknown_1	gray50
44	Spis_XP_022803308_1	unknown_1	gray50
44	Spis_XP_022786855_1	unknown_1	gray50
44	Spis_XP_022807590_1	unknown_1	gray50
44	Spis_XP_022803300_1	unknown_1	gray50
44	Spis_XP_022792629_1	unknown_1	gray50
44	Spis_XP_022781297_1	unknown_1	gray50
44	Spis_XP_022805523_1	unknown_1	gray50
45	Spis_XP_022797264_1	unknown_2	gray60
45	Spis_LOC111344254	unknown_2	gray60
45	Spis_XP_022782832_1	unknown_2	gray60
45	Spis_XP_022806737_1	unknown_2	gray60
45	Spis_XP_022782997_1	unknown_2	gray60
45	Spis_XP_022785364_1	unknown_2	gray60
45	Spis_XP_022803866_1	unknown_2	gray60
46	Spis_XP_022808800_1	unknown_3	gray70
46	Spis_XP_022803685_1	unknown_3	gray70
46	Spis_XP_022808793_1	unknown_3	gray70
46	Spis_XP_022808792_1	unknown_3	gray70
46	Spis_XP_022799245_1	unknown_3	gray70
46	Spis_XP_022780833_1	unknown_3	gray70
47	Spis_XP_022790959_1	precursors	burlywood1
